Date,Tweet
1/1/2024,Bitcoin is going to the moon!
1/1/2024,Bitcoin adoption increasing.
1/1/2024,HODLing strong!
1/2/2024,Bitcoin adoption increasing.
1/2/2024,Not sure about BTC's future.
1/2/2024,Bitcoin adoption increasing.
1/3/2024,Market looks shaky today.
1/3/2024,Not sure about BTC's future.
1/3/2024,Bear market ahead?
1/4/2024,Bullish on BTC.
1/4/2024,Bullish on BTC.
1/4/2024,BTC might crash soon.
1/5/2024,Bitcoin adoption increasing.
1/5/2024,Bullish on BTC.
1/5/2024,BTC might crash soon.
1/6/2024,Bitcoin price seems stable.
1/6/2024,Bitcoin adoption increasing.
1/6/2024,HODLing strong!
1/7/2024,HODLing strong!
1/7/2024,HODLing strong!
1/7/2024,Bitcoin adoption increasing.
1/8/2024,Not sure about BTC's future.
1/8/2024,BTC might crash soon.
1/8/2024,Bitcoin is going to the moon!
1/9/2024,Bitcoin price seems stable.
1/9/2024,Market looks shaky today.
1/9/2024,Bitcoin price seems stable.
1/10/2024,Market looks shaky today.
1/10/2024,Market looks shaky today.
1/10/2024,Bitcoin is going to the moon!
1/11/2024,Bitcoin price seems stable.
1/11/2024,Bitcoin adoption increasing.
1/11/2024,HODLing strong!
1/12/2024,Just bought more Bitcoin.
1/12/2024,Bitcoin price seems stable.
1/12/2024,Bitcoin price seems stable.
1/13/2024,HODLing strong!
1/13/2024,Bitcoin is going to the moon!
1/13/2024,Market looks shaky today.
1/14/2024,Market looks shaky today.
1/14/2024,Bitcoin price seems stable.
1/14/2024,Bear market ahead?
1/15/2024,Bullish on BTC.
1/15/2024,Not sure about BTC's future.
1/15/2024,Bitcoin price seems stable.
1/16/2024,Bitcoin price seems stable.
1/16/2024,Just bought more Bitcoin.
1/16/2024,Bear market ahead?
1/17/2024,Market looks shaky today.
1/17/2024,BTC might crash soon.
1/17/2024,BTC might crash soon.
1/18/2024,Bear market ahead?
1/18/2024,BTC might crash soon.
1/18/2024,HODLing strong!
1/19/2024,Market looks shaky today.
1/19/2024,Bitcoin price seems stable.
1/19/2024,Market looks shaky today.
1/20/2024,Market looks shaky today.
1/20/2024,Bear market ahead?
1/20/2024,Market looks shaky today.
1/21/2024,HODLing strong!
1/21/2024,Bitcoin adoption increasing.
1/21/2024,Bitcoin price seems stable.
1/22/2024,Not sure about BTC's future.
1/22/2024,HODLing strong!
1/22/2024,Bitcoin price seems stable.
1/23/2024,Bitcoin adoption increasing.
1/23/2024,Bitcoin adoption increasing.
1/23/2024,Bitcoin is going to the moon!
1/24/2024,Not sure about BTC's future.
1/24/2024,Bitcoin is going to the moon!
1/24/2024,Market looks shaky today.
1/25/2024,Bullish on BTC.
1/25/2024,Bitcoin price seems stable.
1/25/2024,Just bought more Bitcoin.
1/26/2024,Bitcoin adoption increasing.
1/26/2024,BTC might crash soon.
1/26/2024,HODLing strong!
1/27/2024,Bitcoin is going to the moon!
1/27/2024,Bitcoin price seems stable.
1/27/2024,HODLing strong!
1/28/2024,BTC might crash soon.
1/28/2024,Market looks shaky today.
1/28/2024,Bitcoin is going to the moon!
1/29/2024,Bear market ahead?
1/29/2024,Market looks shaky today.
1/29/2024,Bitcoin price seems stable.
1/30/2024,Not sure about BTC's future.
1/30/2024,Bitcoin adoption increasing.
1/30/2024,BTC might crash soon.
1/31/2024,Market looks shaky today.
1/31/2024,Bitcoin is going to the moon!
1/31/2024,Just bought more Bitcoin.
2/1/2024,Not sure about BTC's future.
2/1/2024,Bear market ahead?
2/1/2024,Market looks shaky today.
2/2/2024,Bitcoin price seems stable.
2/2/2024,Bitcoin adoption increasing.
2/2/2024,Bear market ahead?
2/3/2024,Bitcoin price seems stable.
2/3/2024,Bullish on BTC.
2/3/2024,BTC might crash soon.
2/4/2024,Bitcoin adoption increasing.
2/4/2024,Market looks shaky today.
2/4/2024,HODLing strong!
2/5/2024,HODLing strong!
2/5/2024,Bitcoin is going to the moon!
2/5/2024,Not sure about BTC's future.
2/6/2024,Bitcoin price seems stable.
2/6/2024,Not sure about BTC's future.
2/6/2024,Bullish on BTC.
2/7/2024,Market looks shaky today.
2/7/2024,Not sure about BTC's future.
2/7/2024,Bitcoin adoption increasing.
2/8/2024,Bullish on BTC.
2/8/2024,Bitcoin price seems stable.
2/8/2024,Just bought more Bitcoin.
2/9/2024,Just bought more Bitcoin.
2/9/2024,Bitcoin is going to the moon!
2/9/2024,Bullish on BTC.
2/10/2024,Bitcoin is going to the moon!
2/10/2024,Bear market ahead?
2/10/2024,BTC might crash soon.
2/11/2024,Bitcoin is going to the moon!
2/11/2024,BTC might crash soon.
2/11/2024,HODLing strong!
2/12/2024,Not sure about BTC's future.
2/12/2024,Not sure about BTC's future.
2/12/2024,Market looks shaky today.
2/13/2024,Bitcoin price seems stable.
2/13/2024,Bullish on BTC.
2/13/2024,Bitcoin adoption increasing.
2/14/2024,Bitcoin adoption increasing.
2/14/2024,HODLing strong!
2/14/2024,Bitcoin is going to the moon!
2/15/2024,Market looks shaky today.
2/15/2024,Bitcoin adoption increasing.
2/15/2024,BTC might crash soon.
2/16/2024,Bullish on BTC.
2/16/2024,Bullish on BTC.
2/16/2024,Not sure about BTC's future.
2/17/2024,Bear market ahead?
2/17/2024,Bullish on BTC.
2/17/2024,Bullish on BTC.
2/18/2024,HODLing strong!
2/18/2024,Bitcoin adoption increasing.
2/18/2024,Bitcoin adoption increasing.
2/19/2024,HODLing strong!
2/19/2024,Not sure about BTC's future.
2/19/2024,BTC might crash soon.
2/20/2024,Market looks shaky today.
2/20/2024,HODLing strong!
2/20/2024,Bitcoin adoption increasing.
2/21/2024,Bitcoin price seems stable.
2/21/2024,Not sure about BTC's future.
2/21/2024,Not sure about BTC's future.
2/22/2024,Bitcoin is going to the moon!
2/22/2024,Just bought more Bitcoin.
2/22/2024,Bitcoin price seems stable.
2/23/2024,BTC might crash soon.
2/23/2024,Not sure about BTC's future.
2/23/2024,Bitcoin is going to the moon!
2/24/2024,HODLing strong!
2/24/2024,Bear market ahead?
2/24/2024,Just bought more Bitcoin.
2/25/2024,Market looks shaky today.
2/25/2024,Not sure about BTC's future.
2/25/2024,Bullish on BTC.
2/26/2024,Bitcoin price seems stable.
2/26/2024,HODLing strong!
2/26/2024,Bitcoin is going to the moon!
2/27/2024,Bitcoin is going to the moon!
2/27/2024,Just bought more Bitcoin.
2/27/2024,BTC might crash soon.
2/28/2024,HODLing strong!
2/28/2024,Not sure about BTC's future.
2/28/2024,Bitcoin adoption increasing.
2/29/2024,Bitcoin adoption increasing.
2/29/2024,Market looks shaky today.
2/29/2024,Not sure about BTC's future.
3/1/2024,Market looks shaky today.
3/1/2024,Market looks shaky today.
3/1/2024,Bear market ahead?
3/2/2024,Not sure about BTC's future.
3/2/2024,Bullish on BTC.
3/2/2024,BTC might crash soon.
3/3/2024,Market looks shaky today.
3/3/2024,Bitcoin price seems stable.
3/3/2024,Bitcoin is going to the moon!
3/4/2024,Bullish on BTC.
3/4/2024,Bitcoin is going to the moon!
3/4/2024,Market looks shaky today.
3/5/2024,Market looks shaky today.
3/5/2024,Market looks shaky today.
3/5/2024,Bitcoin adoption increasing.
3/6/2024,Bitcoin price seems stable.
3/6/2024,Bitcoin adoption increasing.
3/6/2024,Bitcoin price seems stable.
3/7/2024,Bear market ahead?
3/7/2024,Just bought more Bitcoin.
3/7/2024,Not sure about BTC's future.
3/8/2024,Just bought more Bitcoin.
3/8/2024,Bitcoin adoption increasing.
3/8/2024,Bitcoin adoption increasing.
3/9/2024,Not sure about BTC's future.
3/9/2024,Bitcoin price seems stable.
3/9/2024,Bear market ahead?
3/10/2024,Bitcoin adoption increasing.
3/10/2024,Market looks shaky today.
3/10/2024,Bitcoin price seems stable.
3/11/2024,Bitcoin is going to the moon!
3/11/2024,Just bought more Bitcoin.
3/11/2024,Bullish on BTC.
3/12/2024,Bitcoin is going to the moon!
3/12/2024,Bullish on BTC.
3/12/2024,HODLing strong!
3/13/2024,Bullish on BTC.
3/13/2024,Bitcoin price seems stable.
3/13/2024,HODLing strong!
3/14/2024,Bear market ahead?
3/14/2024,Bitcoin adoption increasing.
3/14/2024,Market looks shaky today.
3/15/2024,Market looks shaky today.
3/15/2024,Bitcoin is going to the moon!
3/15/2024,Bitcoin is going to the moon!
3/16/2024,Just bought more Bitcoin.
3/16/2024,Bitcoin is going to the moon!
3/16/2024,Market looks shaky today.
3/17/2024,Bitcoin adoption increasing.
3/17/2024,Bullish on BTC.
3/17/2024,Not sure about BTC's future.
3/18/2024,Bitcoin is going to the moon!
3/18/2024,Bitcoin price seems stable.
3/18/2024,Bullish on BTC.
3/19/2024,Just bought more Bitcoin.
3/19/2024,Bitcoin is going to the moon!
3/19/2024,Market looks shaky today.
3/20/2024,Not sure about BTC's future.
3/20/2024,Bitcoin is going to the moon!
3/20/2024,BTC might crash soon.
3/21/2024,Bitcoin adoption increasing.
3/21/2024,Bullish on BTC.
3/21/2024,BTC might crash soon.
3/22/2024,Bullish on BTC.
3/22/2024,Bullish on BTC.
3/22/2024,Bear market ahead?
3/23/2024,Bullish on BTC.
3/23/2024,Bear market ahead?
3/23/2024,Market looks shaky today.
3/24/2024,Bear market ahead?
3/24/2024,Market looks shaky today.
3/24/2024,Bear market ahead?
3/25/2024,Bitcoin price seems stable.
3/25/2024,Just bought more Bitcoin.
3/25/2024,Bitcoin adoption increasing.
3/26/2024,Not sure about BTC's future.
3/26/2024,Bitcoin is going to the moon!
3/26/2024,Just bought more Bitcoin.
3/27/2024,Bitcoin price seems stable.
3/27/2024,Market looks shaky today.
3/27/2024,Bitcoin price seems stable.
3/28/2024,Bear market ahead?
3/28/2024,Just bought more Bitcoin.
3/28/2024,Bitcoin is going to the moon!
3/29/2024,BTC might crash soon.
3/29/2024,Market looks shaky today.
3/29/2024,Bullish on BTC.
3/30/2024,BTC might crash soon.
3/30/2024,HODLing strong!
3/30/2024,Bear market ahead?
3/31/2024,Bear market ahead?
3/31/2024,Just bought more Bitcoin.
3/31/2024,Bullish on BTC.
4/1/2024,Bitcoin adoption increasing.
4/1/2024,Bitcoin adoption increasing.
4/1/2024,Bitcoin is going to the moon!
4/2/2024,Market looks shaky today.
4/2/2024,Bitcoin is going to the moon!
4/2/2024,Bullish on BTC.
4/3/2024,Bullish on BTC.
4/3/2024,Not sure about BTC's future.
4/3/2024,Bullish on BTC.
4/4/2024,Market looks shaky today.
4/4/2024,Not sure about BTC's future.
4/4/2024,Market looks shaky today.
4/5/2024,Bitcoin adoption increasing.
4/5/2024,Just bought more Bitcoin.
4/5/2024,Market looks shaky today.
4/6/2024,Just bought more Bitcoin.
4/6/2024,HODLing strong!
4/6/2024,Bullish on BTC.
4/7/2024,Not sure about BTC's future.
4/7/2024,Just bought more Bitcoin.
4/7/2024,Just bought more Bitcoin.
4/8/2024,Bullish on BTC.
4/8/2024,Bullish on BTC.
4/8/2024,Bitcoin adoption increasing.
4/9/2024,Not sure about BTC's future.
4/9/2024,Not sure about BTC's future.
4/9/2024,Bullish on BTC.
4/10/2024,HODLing strong!
4/10/2024,BTC might crash soon.
4/10/2024,Not sure about BTC's future.
4/11/2024,Not sure about BTC's future.
4/11/2024,Bitcoin adoption increasing.
4/11/2024,Bitcoin price seems stable.
4/12/2024,Bitcoin price seems stable.
4/12/2024,Bitcoin price seems stable.
4/12/2024,Bitcoin adoption increasing.
4/13/2024,Bullish on BTC.
4/13/2024,Bullish on BTC.
4/13/2024,Bear market ahead?
4/14/2024,Not sure about BTC's future.
4/14/2024,Bullish on BTC.
4/14/2024,Bullish on BTC.
4/15/2024,Bullish on BTC.
4/15/2024,Bitcoin adoption increasing.
4/15/2024,Market looks shaky today.
4/16/2024,Bitcoin price seems stable.
4/16/2024,BTC might crash soon.
4/16/2024,Just bought more Bitcoin.
4/17/2024,HODLing strong!
4/17/2024,Market looks shaky today.
4/17/2024,Market looks shaky today.
4/18/2024,Bitcoin is going to the moon!
4/18/2024,BTC might crash soon.
4/18/2024,Bitcoin price seems stable.
4/19/2024,BTC might crash soon.
4/19/2024,Bear market ahead?
4/19/2024,Bear market ahead?
4/20/2024,HODLing strong!
4/20/2024,Bitcoin is going to the moon!
4/20/2024,Not sure about BTC's future.
4/21/2024,Bear market ahead?
4/21/2024,Bear market ahead?
4/21/2024,Bear market ahead?
4/22/2024,Just bought more Bitcoin.
4/22/2024,Market looks shaky today.
4/22/2024,Bitcoin price seems stable.
4/23/2024,HODLing strong!
4/23/2024,Bitcoin price seems stable.
4/23/2024,BTC might crash soon.
4/24/2024,Not sure about BTC's future.
4/24/2024,Bitcoin adoption increasing.
4/24/2024,Bitcoin is going to the moon!
4/25/2024,Bitcoin adoption increasing.
4/25/2024,Bear market ahead?
4/25/2024,BTC might crash soon.
4/26/2024,Not sure about BTC's future.
4/26/2024,Not sure about BTC's future.
4/26/2024,Bitcoin price seems stable.
4/27/2024,Just bought more Bitcoin.
4/27/2024,Bitcoin price seems stable.
4/27/2024,Bear market ahead?
4/28/2024,Just bought more Bitcoin.
4/28/2024,Not sure about BTC's future.
4/28/2024,HODLing strong!
4/29/2024,Bear market ahead?
4/29/2024,Not sure about BTC's future.
4/29/2024,Market looks shaky today.
4/30/2024,Bear market ahead?
4/30/2024,Not sure about BTC's future.
4/30/2024,Bullish on BTC.
5/1/2024,Bullish on BTC.
5/1/2024,Bitcoin adoption increasing.
5/1/2024,Bitcoin adoption increasing.
5/2/2024,Bullish on BTC.
5/2/2024,Bitcoin adoption increasing.
5/2/2024,Bitcoin price seems stable.
5/3/2024,Just bought more Bitcoin.
5/3/2024,Bitcoin adoption increasing.
5/3/2024,Market looks shaky today.
5/4/2024,Market looks shaky today.
5/4/2024,Bear market ahead?
5/4/2024,Bullish on BTC.
5/5/2024,Bullish on BTC.
5/5/2024,Just bought more Bitcoin.
5/5/2024,HODLing strong!
5/6/2024,Bitcoin price seems stable.
5/6/2024,Bitcoin adoption increasing.
5/6/2024,Not sure about BTC's future.
5/7/2024,Market looks shaky today.
5/7/2024,Just bought more Bitcoin.
5/7/2024,Bitcoin is going to the moon!
5/8/2024,Market looks shaky today.
5/8/2024,HODLing strong!
5/8/2024,Bear market ahead?
5/9/2024,Bitcoin price seems stable.
5/9/2024,Market looks shaky today.
5/9/2024,BTC might crash soon.
5/10/2024,HODLing strong!
5/10/2024,Market looks shaky today.
5/10/2024,Bitcoin price seems stable.
5/11/2024,HODLing strong!
5/11/2024,Not sure about BTC's future.
5/11/2024,BTC might crash soon.
5/12/2024,Not sure about BTC's future.
5/12/2024,Just bought more Bitcoin.
5/12/2024,Bitcoin adoption increasing.
5/13/2024,Not sure about BTC's future.
5/13/2024,HODLing strong!
5/13/2024,Bullish on BTC.
5/14/2024,Market looks shaky today.
5/14/2024,Not sure about BTC's future.
5/14/2024,Bitcoin adoption increasing.
5/15/2024,Bullish on BTC.
5/15/2024,Bitcoin is going to the moon!
5/15/2024,HODLing strong!
5/16/2024,Just bought more Bitcoin.
5/16/2024,BTC might crash soon.
5/16/2024,HODLing strong!
5/17/2024,Not sure about BTC's future.
5/17/2024,Bitcoin is going to the moon!
5/17/2024,Bitcoin price seems stable.
5/18/2024,Bitcoin is going to the moon!
5/18/2024,Bullish on BTC.
5/18/2024,Just bought more Bitcoin.
5/19/2024,Not sure about BTC's future.
5/19/2024,Just bought more Bitcoin.
5/19/2024,Not sure about BTC's future.
5/20/2024,Bitcoin is going to the moon!
5/20/2024,BTC might crash soon.
5/20/2024,Just bought more Bitcoin.
5/21/2024,Bitcoin adoption increasing.
5/21/2024,Just bought more Bitcoin.
5/21/2024,HODLing strong!
5/22/2024,Bitcoin price seems stable.
5/22/2024,Bear market ahead?
5/22/2024,Bitcoin adoption increasing.
5/23/2024,HODLing strong!
5/23/2024,Just bought more Bitcoin.
5/23/2024,Market looks shaky today.
5/24/2024,Not sure about BTC's future.
5/24/2024,HODLing strong!
5/24/2024,Market looks shaky today.
5/25/2024,BTC might crash soon.
5/25/2024,Market looks shaky today.
5/25/2024,Bitcoin is going to the moon!
5/26/2024,HODLing strong!
5/26/2024,Bitcoin is going to the moon!
5/26/2024,Market looks shaky today.
5/27/2024,Not sure about BTC's future.
5/27/2024,Just bought more Bitcoin.
5/27/2024,Bear market ahead?
5/28/2024,Market looks shaky today.
5/28/2024,Market looks shaky today.
5/28/2024,Bear market ahead?
5/29/2024,Market looks shaky today.
5/29/2024,Bear market ahead?
5/29/2024,BTC might crash soon.
5/30/2024,BTC might crash soon.
5/30/2024,Just bought more Bitcoin.
5/30/2024,HODLing strong!
5/31/2024,HODLing strong!
5/31/2024,Bear market ahead?
5/31/2024,Bitcoin price seems stable.
6/1/2024,HODLing strong!
6/1/2024,Not sure about BTC's future.
6/1/2024,Just bought more Bitcoin.
6/2/2024,Bullish on BTC.
6/2/2024,Not sure about BTC's future.
6/2/2024,Bitcoin adoption increasing.
6/3/2024,Not sure about BTC's future.
6/3/2024,BTC might crash soon.
6/3/2024,Bitcoin adoption increasing.
6/4/2024,Market looks shaky today.
6/4/2024,Just bought more Bitcoin.
6/4/2024,Just bought more Bitcoin.
6/5/2024,Not sure about BTC's future.
6/5/2024,Market looks shaky today.
6/5/2024,Market looks shaky today.
6/6/2024,BTC might crash soon.
6/6/2024,Bullish on BTC.
6/6/2024,HODLing strong!
6/7/2024,Bitcoin price seems stable.
6/7/2024,Bitcoin adoption increasing.
6/7/2024,BTC might crash soon.
6/8/2024,Bullish on BTC.
6/8/2024,Bear market ahead?
6/8/2024,Not sure about BTC's future.
6/9/2024,Bitcoin price seems stable.
6/9/2024,Bear market ahead?
6/9/2024,BTC might crash soon.
6/10/2024,HODLing strong!
6/10/2024,Market looks shaky today.
6/10/2024,Bitcoin is going to the moon!
6/11/2024,Bear market ahead?
6/11/2024,Bitcoin is going to the moon!
6/11/2024,Bitcoin adoption increasing.
6/12/2024,Bitcoin price seems stable.
6/12/2024,Bear market ahead?
6/12/2024,Bitcoin adoption increasing.
6/13/2024,Bitcoin adoption increasing.
6/13/2024,Bullish on BTC.
6/13/2024,Just bought more Bitcoin.
6/14/2024,HODLing strong!
6/14/2024,Bear market ahead?
6/14/2024,Bear market ahead?
6/15/2024,HODLing strong!
6/15/2024,Bitcoin is going to the moon!
6/15/2024,Bear market ahead?
6/16/2024,Bear market ahead?
6/16/2024,Bullish on BTC.
6/16/2024,Just bought more Bitcoin.
6/17/2024,Bitcoin adoption increasing.
6/17/2024,Bear market ahead?
6/17/2024,BTC might crash soon.
6/18/2024,Not sure about BTC's future.
6/18/2024,Bitcoin adoption increasing.
6/18/2024,Bear market ahead?
6/19/2024,Bitcoin is going to the moon!
6/19/2024,Not sure about BTC's future.
6/19/2024,Bullish on BTC.
6/20/2024,Just bought more Bitcoin.
6/20/2024,Bitcoin adoption increasing.
6/20/2024,Bitcoin is going to the moon!
6/21/2024,HODLing strong!
6/21/2024,Just bought more Bitcoin.
6/21/2024,Bullish on BTC.
6/22/2024,Bitcoin adoption increasing.
6/22/2024,BTC might crash soon.
6/22/2024,Bear market ahead?
6/23/2024,Market looks shaky today.
6/23/2024,Bitcoin adoption increasing.
6/23/2024,HODLing strong!
6/24/2024,Just bought more Bitcoin.
6/24/2024,HODLing strong!
6/24/2024,HODLing strong!
6/25/2024,Bullish on BTC.
6/25/2024,Not sure about BTC's future.
6/25/2024,HODLing strong!
6/26/2024,Market looks shaky today.
6/26/2024,Just bought more Bitcoin.
6/26/2024,HODLing strong!
6/27/2024,Not sure about BTC's future.
6/27/2024,Bitcoin price seems stable.
6/27/2024,Bear market ahead?
6/28/2024,HODLing strong!
6/28/2024,Bear market ahead?
6/28/2024,Bear market ahead?
6/29/2024,HODLing strong!
6/29/2024,Not sure about BTC's future.
6/29/2024,Bear market ahead?
6/30/2024,Bear market ahead?
6/30/2024,Bitcoin is going to the moon!
6/30/2024,Bitcoin price seems stable.
7/1/2024,Bitcoin adoption increasing.
7/1/2024,BTC might crash soon.
7/1/2024,Bitcoin price seems stable.
7/2/2024,HODLing strong!
7/2/2024,Bitcoin adoption increasing.
7/2/2024,HODLing strong!
7/3/2024,Bullish on BTC.
7/3/2024,Bear market ahead?
7/3/2024,Bitcoin is going to the moon!
7/4/2024,Market looks shaky today.
7/4/2024,Bitcoin price seems stable.
7/4/2024,Bitcoin adoption increasing.
7/5/2024,Just bought more Bitcoin.
7/5/2024,Bitcoin price seems stable.
7/5/2024,Bear market ahead?
7/6/2024,Market looks shaky today.
7/6/2024,Just bought more Bitcoin.
7/6/2024,Bear market ahead?
7/7/2024,Bullish on BTC.
7/7/2024,Market looks shaky today.
7/7/2024,Bear market ahead?
7/8/2024,Bitcoin adoption increasing.
7/8/2024,Just bought more Bitcoin.
7/8/2024,Bitcoin adoption increasing.
7/9/2024,Just bought more Bitcoin.
7/9/2024,Bitcoin price seems stable.
7/9/2024,Not sure about BTC's future.
7/10/2024,HODLing strong!
7/10/2024,Not sure about BTC's future.
7/10/2024,Bullish on BTC.
7/11/2024,Market looks shaky today.
7/11/2024,BTC might crash soon.
7/11/2024,Bitcoin is going to the moon!
7/12/2024,Market looks shaky today.
7/12/2024,HODLing strong!
7/12/2024,Bitcoin adoption increasing.
7/13/2024,Bear market ahead?
7/13/2024,Market looks shaky today.
7/13/2024,Market looks shaky today.
7/14/2024,Bear market ahead?
7/14/2024,Bitcoin is going to the moon!
7/14/2024,Not sure about BTC's future.
7/15/2024,Market looks shaky today.
7/15/2024,Market looks shaky today.
7/15/2024,Market looks shaky today.
7/16/2024,Bitcoin adoption increasing.
7/16/2024,Bear market ahead?
7/16/2024,BTC might crash soon.
7/17/2024,Bear market ahead?
7/17/2024,Bullish on BTC.
7/17/2024,Just bought more Bitcoin.
7/18/2024,Market looks shaky today.
7/18/2024,Bullish on BTC.
7/18/2024,Not sure about BTC's future.
7/19/2024,Bitcoin is going to the moon!
7/19/2024,BTC might crash soon.
7/19/2024,Bullish on BTC.
7/20/2024,Bitcoin price seems stable.
7/20/2024,Bitcoin is going to the moon!
7/20/2024,Not sure about BTC's future.
7/21/2024,Not sure about BTC's future.
7/21/2024,Bitcoin price seems stable.
7/21/2024,Bullish on BTC.
7/22/2024,Bitcoin adoption increasing.
7/22/2024,HODLing strong!
7/22/2024,Bitcoin is going to the moon!
7/23/2024,Market looks shaky today.
7/23/2024,Not sure about BTC's future.
7/23/2024,Bitcoin adoption increasing.
7/24/2024,Bitcoin is going to the moon!
7/24/2024,Market looks shaky today.
7/24/2024,Bear market ahead?
7/25/2024,Bullish on BTC.
7/25/2024,Bear market ahead?
7/25/2024,Bitcoin price seems stable.
7/26/2024,Bullish on BTC.
7/26/2024,Market looks shaky today.
7/26/2024,Bitcoin adoption increasing.
7/27/2024,Bitcoin adoption increasing.
7/27/2024,HODLing strong!
7/27/2024,HODLing strong!
7/28/2024,BTC might crash soon.
7/28/2024,Bitcoin is going to the moon!
7/28/2024,HODLing strong!
7/29/2024,Just bought more Bitcoin.
7/29/2024,Bitcoin price seems stable.
7/29/2024,Just bought more Bitcoin.
7/30/2024,HODLing strong!
7/30/2024,Not sure about BTC's future.
7/30/2024,BTC might crash soon.
7/31/2024,Bullish on BTC.
7/31/2024,Bitcoin adoption increasing.
7/31/2024,Market looks shaky today.
8/1/2024,Bitcoin price seems stable.
8/1/2024,Market looks shaky today.
8/1/2024,Not sure about BTC's future.
8/2/2024,Bitcoin price seems stable.
8/2/2024,Market looks shaky today.
8/2/2024,Market looks shaky today.
8/3/2024,Bear market ahead?
8/3/2024,BTC might crash soon.
8/3/2024,HODLing strong!
8/4/2024,Bullish on BTC.
8/4/2024,Just bought more Bitcoin.
8/4/2024,Bullish on BTC.
8/5/2024,Bullish on BTC.
8/5/2024,Market looks shaky today.
8/5/2024,Market looks shaky today.
8/6/2024,Bitcoin is going to the moon!
8/6/2024,HODLing strong!
8/6/2024,HODLing strong!
8/7/2024,Not sure about BTC's future.
8/7/2024,Just bought more Bitcoin.
8/7/2024,Bitcoin price seems stable.
8/8/2024,Not sure about BTC's future.
8/8/2024,Market looks shaky today.
8/8/2024,Bitcoin price seems stable.
8/9/2024,Bitcoin adoption increasing.
8/9/2024,Bitcoin is going to the moon!
8/9/2024,Bullish on BTC.
8/10/2024,Bitcoin adoption increasing.
8/10/2024,HODLing strong!
8/10/2024,BTC might crash soon.
8/11/2024,Bullish on BTC.
8/11/2024,Just bought more Bitcoin.
8/11/2024,Bullish on BTC.
8/12/2024,Not sure about BTC's future.
8/12/2024,Just bought more Bitcoin.
8/12/2024,Bullish on BTC.
8/13/2024,BTC might crash soon.
8/13/2024,BTC might crash soon.
8/13/2024,Market looks shaky today.
8/14/2024,Bitcoin adoption increasing.
8/14/2024,Bitcoin adoption increasing.
8/14/2024,Bitcoin price seems stable.
8/15/2024,Bullish on BTC.
8/15/2024,Bear market ahead?
8/15/2024,HODLing strong!
8/16/2024,Bullish on BTC.
8/16/2024,Bitcoin price seems stable.
8/16/2024,Bullish on BTC.
8/17/2024,HODLing strong!
8/17/2024,Bear market ahead?
8/17/2024,Just bought more Bitcoin.
8/18/2024,BTC might crash soon.
8/18/2024,Market looks shaky today.
8/18/2024,Bullish on BTC.
8/19/2024,Bitcoin is going to the moon!
8/19/2024,BTC might crash soon.
8/19/2024,Bitcoin is going to the moon!
8/20/2024,HODLing strong!
8/20/2024,Bitcoin is going to the moon!
8/20/2024,Market looks shaky today.
8/21/2024,BTC might crash soon.
8/21/2024,Bitcoin price seems stable.
8/21/2024,Market looks shaky today.
8/22/2024,Bitcoin is going to the moon!
8/22/2024,Bitcoin price seems stable.
8/22/2024,Bitcoin price seems stable.
8/23/2024,Bitcoin is going to the moon!
8/23/2024,Bitcoin adoption increasing.
8/23/2024,Bear market ahead?
8/24/2024,Market looks shaky today.
8/24/2024,Just bought more Bitcoin.
8/24/2024,BTC might crash soon.
8/25/2024,Bear market ahead?
8/25/2024,Bitcoin is going to the moon!
8/25/2024,BTC might crash soon.
8/26/2024,HODLing strong!
8/26/2024,Bullish on BTC.
8/26/2024,Not sure about BTC's future.
8/27/2024,Bullish on BTC.
8/27/2024,BTC might crash soon.
8/27/2024,Bitcoin is going to the moon!
8/28/2024,Bitcoin is going to the moon!
8/28/2024,Bitcoin adoption increasing.
8/28/2024,Market looks shaky today.
8/29/2024,Just bought more Bitcoin.
8/29/2024,Not sure about BTC's future.
8/29/2024,HODLing strong!
8/30/2024,Bitcoin adoption increasing.
8/30/2024,Bitcoin is going to the moon!
8/30/2024,Bitcoin price seems stable.
8/31/2024,Not sure about BTC's future.
8/31/2024,Bear market ahead?
8/31/2024,Not sure about BTC's future.
9/1/2024,Bullish on BTC.
9/1/2024,Bitcoin adoption increasing.
9/1/2024,Market looks shaky today.
9/2/2024,Not sure about BTC's future.
9/2/2024,HODLing strong!
9/2/2024,Bitcoin price seems stable.
9/3/2024,Bitcoin price seems stable.
9/3/2024,BTC might crash soon.
9/3/2024,Market looks shaky today.
9/4/2024,Bullish on BTC.
9/4/2024,Bitcoin price seems stable.
9/4/2024,BTC might crash soon.
9/5/2024,Bitcoin is going to the moon!
9/5/2024,Not sure about BTC's future.
9/5/2024,Bullish on BTC.
9/6/2024,BTC might crash soon.
9/6/2024,Bear market ahead?
9/6/2024,Bitcoin adoption increasing.
9/7/2024,Bear market ahead?
9/7/2024,BTC might crash soon.
9/7/2024,Bullish on BTC.
9/8/2024,BTC might crash soon.
9/8/2024,BTC might crash soon.
9/8/2024,Bullish on BTC.
9/9/2024,Bitcoin is going to the moon!
9/9/2024,Bear market ahead?
9/9/2024,Market looks shaky today.
9/10/2024,Bitcoin price seems stable.
9/10/2024,Just bought more Bitcoin.
9/10/2024,Bear market ahead?
9/11/2024,Bitcoin is going to the moon!
9/11/2024,BTC might crash soon.
9/11/2024,Bitcoin price seems stable.
9/12/2024,BTC might crash soon.
9/12/2024,Bitcoin adoption increasing.
9/12/2024,Bitcoin is going to the moon!
9/13/2024,Bitcoin price seems stable.
9/13/2024,Market looks shaky today.
9/13/2024,Market looks shaky today.
9/14/2024,Market looks shaky today.
9/14/2024,Bitcoin adoption increasing.
9/14/2024,Bear market ahead?
9/15/2024,Bitcoin price seems stable.
9/15/2024,HODLing strong!
9/15/2024,HODLing strong!
9/16/2024,Bear market ahead?
9/16/2024,Bitcoin price seems stable.
9/16/2024,Bitcoin price seems stable.
9/17/2024,Market looks shaky today.
9/17/2024,Just bought more Bitcoin.
9/17/2024,Bear market ahead?
9/18/2024,HODLing strong!
9/18/2024,Bullish on BTC.
9/18/2024,BTC might crash soon.
9/19/2024,Bullish on BTC.
9/19/2024,HODLing strong!
9/19/2024,HODLing strong!
9/20/2024,Bear market ahead?
9/20/2024,BTC might crash soon.
9/20/2024,Bitcoin is going to the moon!
9/21/2024,Bitcoin adoption increasing.
9/21/2024,HODLing strong!
9/21/2024,Bullish on BTC.
9/22/2024,BTC might crash soon.
9/22/2024,Just bought more Bitcoin.
9/22/2024,Bitcoin adoption increasing.
9/23/2024,Bear market ahead?
9/23/2024,Just bought more Bitcoin.
9/23/2024,Market looks shaky today.
9/24/2024,Not sure about BTC's future.
9/24/2024,Bitcoin is going to the moon!
9/24/2024,HODLing strong!
9/25/2024,Bear market ahead?
9/25/2024,Just bought more Bitcoin.
9/25/2024,Not sure about BTC's future.
9/26/2024,Bitcoin is going to the moon!
9/26/2024,Market looks shaky today.
9/26/2024,Bitcoin price seems stable.
9/27/2024,Just bought more Bitcoin.
9/27/2024,Market looks shaky today.
9/27/2024,Market looks shaky today.
9/28/2024,Not sure about BTC's future.
9/28/2024,Bitcoin price seems stable.
9/28/2024,Bitcoin is going to the moon!
9/29/2024,Bitcoin price seems stable.
9/29/2024,Not sure about BTC's future.
9/29/2024,HODLing strong!
9/30/2024,HODLing strong!
9/30/2024,BTC might crash soon.
9/30/2024,Market looks shaky today.
10/1/2024,Bitcoin price seems stable.
10/1/2024,Bitcoin price seems stable.
10/1/2024,Bitcoin is going to the moon!
10/2/2024,Bear market ahead?
10/2/2024,Market looks shaky today.
10/2/2024,Market looks shaky today.
10/3/2024,Bitcoin is going to the moon!
10/3/2024,Bitcoin adoption increasing.
10/3/2024,Bear market ahead?
10/4/2024,Bullish on BTC.
10/4/2024,Just bought more Bitcoin.
10/4/2024,Market looks shaky today.
10/5/2024,Bear market ahead?
10/5/2024,Bitcoin adoption increasing.
10/5/2024,Bitcoin adoption increasing.
10/6/2024,BTC might crash soon.
10/6/2024,BTC might crash soon.
10/6/2024,Market looks shaky today.
10/7/2024,Not sure about BTC's future.
10/7/2024,Bitcoin is going to the moon!
10/7/2024,Bitcoin adoption increasing.
10/8/2024,HODLing strong!
10/8/2024,Bitcoin adoption increasing.
10/8/2024,Bitcoin price seems stable.
10/9/2024,Bitcoin price seems stable.
10/9/2024,Not sure about BTC's future.
10/9/2024,Bitcoin is going to the moon!
10/10/2024,Not sure about BTC's future.
10/10/2024,Bear market ahead?
10/10/2024,Not sure about BTC's future.
10/11/2024,Bullish on BTC.
10/11/2024,Bullish on BTC.
10/11/2024,Bear market ahead?
10/12/2024,Bullish on BTC.
10/12/2024,HODLing strong!
10/12/2024,Just bought more Bitcoin.
10/13/2024,Bitcoin is going to the moon!
10/13/2024,Bullish on BTC.
10/13/2024,Bitcoin is going to the moon!
10/14/2024,BTC might crash soon.
10/14/2024,Just bought more Bitcoin.
10/14/2024,Bitcoin price seems stable.
10/15/2024,Bear market ahead?
10/15/2024,BTC might crash soon.
10/15/2024,Bitcoin price seems stable.
10/16/2024,Market looks shaky today.
10/16/2024,Bitcoin price seems stable.
10/16/2024,Just bought more Bitcoin.
10/17/2024,HODLing strong!
10/17/2024,HODLing strong!
10/17/2024,Bitcoin adoption increasing.
10/18/2024,Bear market ahead?
10/18/2024,Bitcoin is going to the moon!
10/18/2024,Bitcoin price seems stable.
10/19/2024,BTC might crash soon.
10/19/2024,Not sure about BTC's future.
10/19/2024,Bitcoin is going to the moon!
10/20/2024,Market looks shaky today.
10/20/2024,Bitcoin adoption increasing.
10/20/2024,HODLing strong!
10/21/2024,Bitcoin is going to the moon!
10/21/2024,HODLing strong!
10/21/2024,Bullish on BTC.
10/22/2024,HODLing strong!
10/22/2024,HODLing strong!
10/22/2024,Bitcoin price seems stable.
10/23/2024,Market looks shaky today.
10/23/2024,BTC might crash soon.
10/23/2024,HODLing strong!
10/24/2024,BTC might crash soon.
10/24/2024,BTC might crash soon.
10/24/2024,Bullish on BTC.
10/25/2024,Bitcoin price seems stable.
10/25/2024,Market looks shaky today.
10/25/2024,Bullish on BTC.
10/26/2024,Bitcoin is going to the moon!
10/26/2024,Bitcoin is going to the moon!
10/26/2024,HODLing strong!
10/27/2024,Bitcoin price seems stable.
10/27/2024,Bitcoin adoption increasing.
10/27/2024,Bitcoin adoption increasing.
10/28/2024,Bitcoin price seems stable.
10/28/2024,BTC might crash soon.
10/28/2024,Market looks shaky today.
10/29/2024,Bitcoin adoption increasing.
10/29/2024,Bullish on BTC.
10/29/2024,HODLing strong!
10/30/2024,Bear market ahead?
10/30/2024,Just bought more Bitcoin.
10/30/2024,Bullish on BTC.
10/31/2024,Not sure about BTC's future.
10/31/2024,Not sure about BTC's future.
10/31/2024,Not sure about BTC's future.
11/1/2024,Bitcoin is going to the moon!
11/1/2024,HODLing strong!
11/1/2024,Bitcoin price seems stable.
11/2/2024,Bullish on BTC.
11/2/2024,Bear market ahead?
11/2/2024,Market looks shaky today.
11/3/2024,Just bought more Bitcoin.
11/3/2024,Bitcoin price seems stable.
11/3/2024,Just bought more Bitcoin.
11/4/2024,Bitcoin price seems stable.
11/4/2024,HODLing strong!
11/4/2024,Just bought more Bitcoin.
11/5/2024,Bitcoin price seems stable.
11/5/2024,Just bought more Bitcoin.
11/5/2024,Bitcoin is going to the moon!
11/6/2024,BTC might crash soon.
11/6/2024,Bear market ahead?
11/6/2024,Bitcoin is going to the moon!
11/7/2024,Bitcoin is going to the moon!
11/7/2024,Bitcoin is going to the moon!
11/7/2024,Bitcoin price seems stable.
11/8/2024,HODLing strong!
11/8/2024,Bear market ahead?
11/8/2024,BTC might crash soon.
11/9/2024,Bitcoin is going to the moon!
11/9/2024,Bullish on BTC.
11/9/2024,Market looks shaky today.
11/10/2024,Bitcoin price seems stable.
11/10/2024,HODLing strong!
11/10/2024,Not sure about BTC's future.
11/11/2024,Bullish on BTC.
11/11/2024,Not sure about BTC's future.
11/11/2024,Bitcoin is going to the moon!
11/12/2024,Not sure about BTC's future.
11/12/2024,Market looks shaky today.
11/12/2024,Bullish on BTC.
11/13/2024,Market looks shaky today.
11/13/2024,Just bought more Bitcoin.
11/13/2024,HODLing strong!
11/14/2024,HODLing strong!
11/14/2024,HODLing strong!
11/14/2024,Bear market ahead?
11/15/2024,Bitcoin price seems stable.
11/15/2024,Just bought more Bitcoin.
11/15/2024,Bitcoin adoption increasing.
11/16/2024,HODLing strong!
11/16/2024,Just bought more Bitcoin.
11/16/2024,HODLing strong!
11/17/2024,Not sure about BTC's future.
11/17/2024,Bear market ahead?
11/17/2024,Just bought more Bitcoin.
11/18/2024,HODLing strong!
11/18/2024,Bitcoin adoption increasing.
11/18/2024,Bitcoin is going to the moon!
11/19/2024,Not sure about BTC's future.
11/19/2024,Just bought more Bitcoin.
11/19/2024,HODLing strong!
11/20/2024,Bullish on BTC.
11/20/2024,Not sure about BTC's future.
11/20/2024,Market looks shaky today.
11/21/2024,Bullish on BTC.
11/21/2024,Bear market ahead?
11/21/2024,Bitcoin adoption increasing.
11/22/2024,Bitcoin is going to the moon!
11/22/2024,Bitcoin price seems stable.
11/22/2024,Bitcoin is going to the moon!
11/23/2024,Market looks shaky today.
11/23/2024,Bitcoin adoption increasing.
11/23/2024,Bullish on BTC.
11/24/2024,Bullish on BTC.
11/24/2024,Bear market ahead?
11/24/2024,Not sure about BTC's future.
11/25/2024,Bitcoin adoption increasing.
11/25/2024,BTC might crash soon.
11/25/2024,Bitcoin is going to the moon!
11/26/2024,Just bought more Bitcoin.
11/26/2024,HODLing strong!
11/26/2024,HODLing strong!
11/27/2024,Not sure about BTC's future.
11/27/2024,Market looks shaky today.
11/27/2024,Not sure about BTC's future.
11/28/2024,Bitcoin is going to the moon!
11/28/2024,Just bought more Bitcoin.
11/28/2024,BTC might crash soon.
11/29/2024,HODLing strong!
11/29/2024,Bitcoin is going to the moon!
11/29/2024,Bitcoin adoption increasing.
11/30/2024,Bullish on BTC.
11/30/2024,Not sure about BTC's future.
11/30/2024,Bitcoin price seems stable.
12/1/2024,HODLing strong!
12/1/2024,HODLing strong!
12/1/2024,Bitcoin adoption increasing.
12/2/2024,BTC might crash soon.
12/2/2024,Bitcoin adoption increasing.
12/2/2024,HODLing strong!
12/3/2024,Just bought more Bitcoin.
12/3/2024,Bullish on BTC.
12/3/2024,BTC might crash soon.
12/4/2024,Just bought more Bitcoin.
12/4/2024,Market looks shaky today.
12/4/2024,Bear market ahead?
12/5/2024,Bear market ahead?
12/5/2024,Not sure about BTC's future.
12/5/2024,Market looks shaky today.
12/6/2024,Market looks shaky today.
12/6/2024,Bitcoin price seems stable.
12/6/2024,Bitcoin adoption increasing.
12/7/2024,Bullish on BTC.
12/7/2024,Bitcoin is going to the moon!
12/7/2024,Market looks shaky today.
12/8/2024,Bear market ahead?
12/8/2024,Bitcoin price seems stable.
12/8/2024,Bitcoin is going to the moon!
12/9/2024,HODLing strong!
12/9/2024,Bitcoin adoption increasing.
12/9/2024,Bullish on BTC.
12/10/2024,BTC might crash soon.
12/10/2024,Bitcoin price seems stable.
12/10/2024,Bear market ahead?
12/11/2024,Not sure about BTC's future.
12/11/2024,HODLing strong!
12/11/2024,Not sure about BTC's future.
12/12/2024,Bitcoin adoption increasing.
12/12/2024,Bitcoin adoption increasing.
12/12/2024,Bullish on BTC.
12/13/2024,Just bought more Bitcoin.
12/13/2024,Bear market ahead?
12/13/2024,Bullish on BTC.
12/14/2024,Not sure about BTC's future.
12/14/2024,HODLing strong!
12/14/2024,Market looks shaky today.
12/15/2024,Not sure about BTC's future.
12/15/2024,HODLing strong!
12/15/2024,Bitcoin price seems stable.
12/16/2024,Bitcoin adoption increasing.
12/16/2024,Bitcoin adoption increasing.
12/16/2024,Just bought more Bitcoin.
12/17/2024,Bitcoin adoption increasing.
12/17/2024,Just bought more Bitcoin.
12/17/2024,Not sure about BTC's future.
12/18/2024,BTC might crash soon.
12/18/2024,Bear market ahead?
12/18/2024,Bitcoin adoption increasing.
12/19/2024,BTC might crash soon.
12/19/2024,Just bought more Bitcoin.
12/19/2024,Not sure about BTC's future.
12/20/2024,Bear market ahead?
12/20/2024,Bitcoin adoption increasing.
12/20/2024,HODLing strong!
12/21/2024,Bitcoin adoption increasing.
12/21/2024,Bitcoin is going to the moon!
12/21/2024,Bitcoin price seems stable.
12/22/2024,Just bought more Bitcoin.
12/22/2024,Bullish on BTC.
12/22/2024,Just bought more Bitcoin.
12/23/2024,Just bought more Bitcoin.
12/23/2024,Bear market ahead?
12/23/2024,Bear market ahead?
12/24/2024,Bitcoin price seems stable.
12/24/2024,Market looks shaky today.
12/24/2024,BTC might crash soon.
12/25/2024,Bitcoin adoption increasing.
12/25/2024,HODLing strong!
12/25/2024,Bullish on BTC.
12/26/2024,Bear market ahead?
12/26/2024,BTC might crash soon.
12/26/2024,Just bought more Bitcoin.
12/27/2024,Market looks shaky today.
12/27/2024,BTC might crash soon.
12/27/2024,Bitcoin adoption increasing.
12/28/2024,Not sure about BTC's future.
12/28/2024,HODLing strong!
12/28/2024,Just bought more Bitcoin.
12/29/2024,HODLing strong!
12/29/2024,Bitcoin is going to the moon!
12/29/2024,Bear market ahead?
12/30/2024,BTC might crash soon.
12/30/2024,Bear market ahead?
12/30/2024,Bitcoin is going to the moon!
